{"psnr": 30.9997394879659, "ssim": 0.9815233714050717, "lpips": 0.029089721178428993}