{"psnr": 33.016145879572086, "ssim": 0.9823481364683672, "lpips": 0.020332335138862782}