{"psnr": 30.814230900184782, "ssim": 0.978363509271659, "lpips": 0.02832678110137874}