{"psnr": 32.571707804997764, "ssim": 0.9810911814371744, "lpips": 0.018479785261054833}